audio_path,stim_list,stimulus_path_list
data/stimuli/apr132026_visual_benefits/clear/JUMBO_JOHN.wav,JUMBO_JOHN,data/stimuli/apr132026_visual_benefits/clear/JUMBO_JOHN.mp4
data/stimuli/apr132026_visual_benefits/clear/WORE_ZACH.wav,WORE_ZACH,data/stimuli/apr132026_visual_benefits/clear/WORE_ZACH.mp4
data/stimuli/apr132026_visual_benefits/clear/BUYING_JOHN.wav,BUYING_JOHN,data/stimuli/apr132026_visual_benefits/clear/BUYING_JOHN.mp4
data/stimuli/apr132026_visual_benefits/clear/LOATHE_JOHN.wav,LOATHE_JOHN,data/stimuli/apr132026_visual_benefits/clear/LOATHE_JOHN.mp4
data/stimuli/apr132026_visual_benefits/clear/PLEASURE_KRISTEN.wav,PLEASURE_KRISTEN,data/stimuli/apr132026_visual_benefits/clear/PLEASURE_KRISTEN.mp4
data/stimuli/apr132026_visual_benefits/clear/ETHIC_KRISTEN.wav,ETHIC_KRISTEN,data/stimuli/apr132026_visual_benefits/clear/ETHIC_KRISTEN.mp4
data/stimuli/apr132026_visual_benefits/clear/ARGUE_LIN.wav,ARGUE_LIN,data/stimuli/apr132026_visual_benefits/clear/ARGUE_LIN.mp4
data/stimuli/apr132026_visual_benefits/clear/HOIST_JOHN.wav,HOIST_JOHN,data/stimuli/apr132026_visual_benefits/clear/HOIST_JOHN.mp4
data/stimuli/apr132026_visual_benefits/clear/VOICE_LIN.wav,VOICE_LIN,data/stimuli/apr132026_visual_benefits/clear/VOICE_LIN.mp4
data/stimuli/apr132026_visual_benefits/clear/OPTION_JAMES.wav,OPTION_JAMES,data/stimuli/apr132026_visual_benefits/clear/OPTION_JAMES.mp4
data/stimuli/apr132026_visual_benefits/clear/TAFFY_DANIELLE.wav,TAFFY_DANIELLE,data/stimuli/apr132026_visual_benefits/clear/TAFFY_DANIELLE.mp4
data/stimuli/apr132026_visual_benefits/clear/ROUGE_JOHN.wav,ROUGE_JOHN,data/stimuli/apr132026_visual_benefits/clear/ROUGE_JOHN.mp4
data/stimuli/apr132026_visual_benefits/clear/ROGUE_JAMES.wav,ROGUE_JAMES,data/stimuli/apr132026_visual_benefits/clear/ROGUE_JAMES.mp4
data/stimuli/apr132026_visual_benefits/clear/YELLOW_JOHN.wav,YELLOW_JOHN,data/stimuli/apr132026_visual_benefits/clear/YELLOW_JOHN.mp4
data/stimuli/apr132026_visual_benefits/clear/YACHT_LIN.wav,YACHT_LIN,data/stimuli/apr132026_visual_benefits/clear/YACHT_LIN.mp4
data/stimuli/apr132026_visual_benefits/clear/WATCHDOG_HEIDI.wav,WATCHDOG_HEIDI,data/stimuli/apr132026_visual_benefits/clear/WATCHDOG_HEIDI.mp4
data/stimuli/apr132026_visual_benefits/clear/YANK_KRISTEN.wav,YANK_KRISTEN,data/stimuli/apr132026_visual_benefits/clear/YANK_KRISTEN.mp4
data/stimuli/apr132026_visual_benefits/clear/TAFFY_JOHN.wav,TAFFY_JOHN,data/stimuli/apr132026_visual_benefits/clear/TAFFY_JOHN.mp4
data/stimuli/apr132026_visual_benefits/clear/THOUGHTS_LIN.wav,THOUGHTS_LIN,data/stimuli/apr132026_visual_benefits/clear/THOUGHTS_LIN.mp4
data/stimuli/apr132026_visual_benefits/clear/FETCH_LIN.wav,FETCH_LIN,data/stimuli/apr132026_visual_benefits/clear/FETCH_LIN.mp4
data/stimuli/apr132026_visual_benefits/clear/VOUCH_AMANDA.wav,VOUCH_AMANDA,data/stimuli/apr132026_visual_benefits/clear/VOUCH_AMANDA.mp4
data/stimuli/apr132026_visual_benefits/clear/WIVES_PATRICK.wav,WIVES_PATRICK,data/stimuli/apr132026_visual_benefits/clear/WIVES_PATRICK.mp4
data/stimuli/apr132026_visual_benefits/clear/DEPLOY_LIN.wav,DEPLOY_LIN,data/stimuli/apr132026_visual_benefits/clear/DEPLOY_LIN.mp4
data/stimuli/apr132026_visual_benefits/clear/NOISY_DANIELLE.wav,NOISY_DANIELLE,data/stimuli/apr132026_visual_benefits/clear/NOISY_DANIELLE.mp4
data/stimuli/apr132026_visual_benefits/clear/THEREBY_PATRICK.wav,THEREBY_PATRICK,data/stimuli/apr132026_visual_benefits/clear/THEREBY_PATRICK.mp4
data/stimuli/apr132026_visual_benefits/clear/HASH_JOHN.wav,HASH_JOHN,data/stimuli/apr132026_visual_benefits/clear/HASH_JOHN.mp4
data/stimuli/apr132026_visual_benefits/clear/SHOWER_LIN.wav,SHOWER_LIN,data/stimuli/apr132026_visual_benefits/clear/SHOWER_LIN.mp4
data/stimuli/apr132026_visual_benefits/clear/GENRE_LIN.wav,GENRE_LIN,data/stimuli/apr132026_visual_benefits/clear/GENRE_LIN.mp4
data/stimuli/apr132026_visual_benefits/clear/HYGIENE_DERRICK.wav,HYGIENE_DERRICK,data/stimuli/apr132026_visual_benefits/clear/HYGIENE_DERRICK.mp4
data/stimuli/apr132026_visual_benefits/clear/HEAVY_LIN.wav,HEAVY_LIN,data/stimuli/apr132026_visual_benefits/clear/HEAVY_LIN.mp4
data/stimuli/apr132026_visual_benefits/clear/HONK_LOIS.wav,HONK_LOIS,data/stimuli/apr132026_visual_benefits/clear/HONK_LOIS.mp4
data/stimuli/apr132026_visual_benefits/clear/PYTHON_LOIS.wav,PYTHON_LOIS,data/stimuli/apr132026_visual_benefits/clear/PYTHON_LOIS.mp4
data/stimuli/apr132026_visual_benefits/clear/SEIZURE_HEIDI.wav,SEIZURE_HEIDI,data/stimuli/apr132026_visual_benefits/clear/SEIZURE_HEIDI.mp4
data/stimuli/apr132026_visual_benefits/clear/JOINING_JOHN.wav,JOINING_JOHN,data/stimuli/apr132026_visual_benefits/clear/JOINING_JOHN.mp4
data/stimuli/apr132026_visual_benefits/clear/MONKEY_CAMERON.wav,MONKEY_CAMERON,data/stimuli/apr132026_visual_benefits/clear/MONKEY_CAMERON.mp4
data/stimuli/apr132026_visual_benefits/clear/JET_LIN.wav,JET_LIN,data/stimuli/apr132026_visual_benefits/clear/JET_LIN.mp4
data/stimuli/apr132026_visual_benefits/clear/JURY_DERRICK.wav,JURY_DERRICK,data/stimuli/apr132026_visual_benefits/clear/JURY_DERRICK.mp4
data/stimuli/apr132026_visual_benefits/clear/LUAU_JOHN.wav,LUAU_JOHN,data/stimuli/apr132026_visual_benefits/clear/LUAU_JOHN.mp4
data/stimuli/apr132026_visual_benefits/clear/THEME_LIN.wav,THEME_LIN,data/stimuli/apr132026_visual_benefits/clear/THEME_LIN.mp4
data/stimuli/apr132026_visual_benefits/clear/VERSION_CAMERON.wav,VERSION_CAMERON,data/stimuli/apr132026_visual_benefits/clear/VERSION_CAMERON.mp4
data/stimuli/apr132026_visual_benefits/clear/AMNESIA_CAMERON.wav,AMNESIA_CAMERON,data/stimuli/apr132026_visual_benefits/clear/AMNESIA_CAMERON.mp4
data/stimuli/apr132026_visual_benefits/clear/PUSH_DANIELLE.wav,PUSH_DANIELLE,data/stimuli/apr132026_visual_benefits/clear/PUSH_DANIELLE.mp4
data/stimuli/apr132026_visual_benefits/clear/TEACH_ZACH.wav,TEACH_ZACH,data/stimuli/apr132026_visual_benefits/clear/TEACH_ZACH.mp4
data/stimuli/apr132026_visual_benefits/clear/CHIEF_JOHN.wav,CHIEF_JOHN,data/stimuli/apr132026_visual_benefits/clear/CHIEF_JOHN.mp4
data/stimuli/apr132026_visual_benefits/clear/QUIET_PATRICK.wav,QUIET_PATRICK,data/stimuli/apr132026_visual_benefits/clear/QUIET_PATRICK.mp4
data/stimuli/apr132026_visual_benefits/clear/TEACH_HEIDI.wav,TEACH_HEIDI,data/stimuli/apr132026_visual_benefits/clear/TEACH_HEIDI.mp4
data/stimuli/apr132026_visual_benefits/clear/HASH_JAMES.wav,HASH_JAMES,data/stimuli/apr132026_visual_benefits/clear/HASH_JAMES.mp4
data/stimuli/apr132026_visual_benefits/clear/HOUNDS_CAMERON.wav,HOUNDS_CAMERON,data/stimuli/apr132026_visual_benefits/clear/HOUNDS_CAMERON.mp4
data/stimuli/apr132026_visual_benefits/clear/ROUGE_JAMES.wav,ROUGE_JAMES,data/stimuli/apr132026_visual_benefits/clear/ROUGE_JAMES.mp4
data/stimuli/apr132026_visual_benefits/clear/USHER_AMANDA.wav,USHER_AMANDA,data/stimuli/apr132026_visual_benefits/clear/USHER_AMANDA.mp4
data/stimuli/apr132026_visual_benefits/clear/WAGE_JOHN.wav,WAGE_JOHN,data/stimuli/apr132026_visual_benefits/clear/WAGE_JOHN.mp4
data/stimuli/apr132026_visual_benefits/clear/DEPLOY_JAMES.wav,DEPLOY_JAMES,data/stimuli/apr132026_visual_benefits/clear/DEPLOY_JAMES.mp4
data/stimuli/apr132026_visual_benefits/clear/GAUGE_PATRICK.wav,GAUGE_PATRICK,data/stimuli/apr132026_visual_benefits/clear/GAUGE_PATRICK.mp4
data/stimuli/apr132026_visual_benefits/clear/JET_JAMES.wav,JET_JAMES,data/stimuli/apr132026_visual_benefits/clear/JET_JAMES.mp4
data/stimuli/apr132026_visual_benefits/clear/WIVES_LIN.wav,WIVES_LIN,data/stimuli/apr132026_visual_benefits/clear/WIVES_LIN.mp4
data/stimuli/apr132026_visual_benefits/clear/KNOCK_PATRICK.wav,KNOCK_PATRICK,data/stimuli/apr132026_visual_benefits/clear/KNOCK_PATRICK.mp4
data/stimuli/apr132026_visual_benefits/clear/CHILD_PATRICK.wav,CHILD_PATRICK,data/stimuli/apr132026_visual_benefits/clear/CHILD_PATRICK.mp4
data/stimuli/apr132026_visual_benefits/clear/DEBUT_HEIDI.wav,DEBUT_HEIDI,data/stimuli/apr132026_visual_benefits/clear/DEBUT_HEIDI.mp4
data/stimuli/apr132026_visual_benefits/clear/LOATHE_HEIDI.wav,LOATHE_HEIDI,data/stimuli/apr132026_visual_benefits/clear/LOATHE_HEIDI.mp4
data/stimuli/apr132026_visual_benefits/clear/WITH_CAMERON.wav,WITH_CAMERON,data/stimuli/apr132026_visual_benefits/clear/WITH_CAMERON.mp4
data/stimuli/apr132026_visual_benefits/clear/OPTION_LIN.wav,OPTION_LIN,data/stimuli/apr132026_visual_benefits/clear/OPTION_LIN.mp4
data/stimuli/apr132026_visual_benefits/clear/THOUGHTS_DANIELLE.wav,THOUGHTS_DANIELLE,data/stimuli/apr132026_visual_benefits/clear/THOUGHTS_DANIELLE.mp4
data/stimuli/apr132026_visual_benefits/clear/JIGSAW_LIN.wav,JIGSAW_LIN,data/stimuli/apr132026_visual_benefits/clear/JIGSAW_LIN.mp4
data/stimuli/apr132026_visual_benefits/clear/MONKEY_LOIS.wav,MONKEY_LOIS,data/stimuli/apr132026_visual_benefits/clear/MONKEY_LOIS.mp4
data/stimuli/apr132026_visual_benefits/clear/PATHWAY_DERRICK.wav,PATHWAY_DERRICK,data/stimuli/apr132026_visual_benefits/clear/PATHWAY_DERRICK.mp4
data/stimuli/apr132026_visual_benefits/clear/GENRE_CAMERON.wav,GENRE_CAMERON,data/stimuli/apr132026_visual_benefits/clear/GENRE_CAMERON.mp4
data/stimuli/apr132026_visual_benefits/clear/OYSTER_LOIS.wav,OYSTER_LOIS,data/stimuli/apr132026_visual_benefits/clear/OYSTER_LOIS.mp4
data/stimuli/apr132026_visual_benefits/clear/FULL_JOHN.wav,FULL_JOHN,data/stimuli/apr132026_visual_benefits/clear/FULL_JOHN.mp4
data/stimuli/apr132026_visual_benefits/clear/ALONG_DANIELLE.wav,ALONG_DANIELLE,data/stimuli/apr132026_visual_benefits/clear/ALONG_DANIELLE.mp4
data/stimuli/apr132026_visual_benefits/clear/CRAB_DANIELLE.wav,CRAB_DANIELLE,data/stimuli/apr132026_visual_benefits/clear/CRAB_DANIELLE.mp4
data/stimuli/apr132026_visual_benefits/clear/HONK_LIN.wav,HONK_LIN,data/stimuli/apr132026_visual_benefits/clear/HONK_LIN.mp4
data/stimuli/apr132026_visual_benefits/clear/SHOWER_DANIELLE.wav,SHOWER_DANIELLE,data/stimuli/apr132026_visual_benefits/clear/SHOWER_DANIELLE.mp4
data/stimuli/apr132026_visual_benefits/clear/FIVE_LIN.wav,FIVE_LIN,data/stimuli/apr132026_visual_benefits/clear/FIVE_LIN.mp4
data/stimuli/apr132026_visual_benefits/clear/BUREAU_CAMERON.wav,BUREAU_CAMERON,data/stimuli/apr132026_visual_benefits/clear/BUREAU_CAMERON.mp4
data/stimuli/apr132026_visual_benefits/clear/FULL_KRISTEN.wav,FULL_KRISTEN,data/stimuli/apr132026_visual_benefits/clear/FULL_KRISTEN.mp4
data/stimuli/apr132026_visual_benefits/clear/YANK_DERRICK.wav,YANK_DERRICK,data/stimuli/apr132026_visual_benefits/clear/YANK_DERRICK.mp4
data/stimuli/apr132026_visual_benefits/clear/SOOTHING_LIN.wav,SOOTHING_LIN,data/stimuli/apr132026_visual_benefits/clear/SOOTHING_LIN.mp4
data/stimuli/apr132026_visual_benefits/clear/FRYING_LIN.wav,FRYING_LIN,data/stimuli/apr132026_visual_benefits/clear/FRYING_LIN.mp4
data/stimuli/apr132026_visual_benefits/clear/HOOVES_LIN.wav,HOOVES_LIN,data/stimuli/apr132026_visual_benefits/clear/HOOVES_LIN.mp4
data/stimuli/apr132026_visual_benefits/clear/FULL_JAMES.wav,FULL_JAMES,data/stimuli/apr132026_visual_benefits/clear/FULL_JAMES.mp4
data/stimuli/apr132026_visual_benefits/clear/COWBOY_JOHN.wav,COWBOY_JOHN,data/stimuli/apr132026_visual_benefits/clear/COWBOY_JOHN.mp4
data/stimuli/apr132026_visual_benefits/clear/ECHOES_HEIDI.wav,ECHOES_HEIDI,data/stimuli/apr132026_visual_benefits/clear/ECHOES_HEIDI.mp4
data/stimuli/apr132026_visual_benefits/clear/PLEASURE_LIN.wav,PLEASURE_LIN,data/stimuli/apr132026_visual_benefits/clear/PLEASURE_LIN.mp4
data/stimuli/apr132026_visual_benefits/clear/VOGUE_LIN.wav,VOGUE_LIN,data/stimuli/apr132026_visual_benefits/clear/VOGUE_LIN.mp4
data/stimuli/apr132026_visual_benefits/clear/WAGE_CAMERON.wav,WAGE_CAMERON,data/stimuli/apr132026_visual_benefits/clear/WAGE_CAMERON.mp4
data/stimuli/apr132026_visual_benefits/clear/ZONING_DANIELLE.wav,ZONING_DANIELLE,data/stimuli/apr132026_visual_benefits/clear/ZONING_DANIELLE.mp4
data/stimuli/apr132026_visual_benefits/clear/CASH_KRISTEN.wav,CASH_KRISTEN,data/stimuli/apr132026_visual_benefits/clear/CASH_KRISTEN.mp4
data/stimuli/apr132026_visual_benefits/clear/KNOCK_KRISTEN.wav,KNOCK_KRISTEN,data/stimuli/apr132026_visual_benefits/clear/KNOCK_KRISTEN.mp4
data/stimuli/apr132026_visual_benefits/clear/MOTH_DERRICK.wav,MOTH_DERRICK,data/stimuli/apr132026_visual_benefits/clear/MOTH_DERRICK.mp4
data/stimuli/apr132026_visual_benefits/clear/YOUTH_HEIDI.wav,YOUTH_HEIDI,data/stimuli/apr132026_visual_benefits/clear/YOUTH_HEIDI.mp4
data/stimuli/apr132026_visual_benefits/clear/WAGE_AMANDA.wav,WAGE_AMANDA,data/stimuli/apr132026_visual_benefits/clear/WAGE_AMANDA.mp4
data/stimuli/apr132026_visual_benefits/clear/DEPTH_JAMES.wav,DEPTH_JAMES,data/stimuli/apr132026_visual_benefits/clear/DEPTH_JAMES.mp4
data/stimuli/apr132026_visual_benefits/clear/SHROUD_LIN.wav,SHROUD_LIN,data/stimuli/apr132026_visual_benefits/clear/SHROUD_LIN.mp4
data/stimuli/apr132026_visual_benefits/clear/FOUL_LOIS.wav,FOUL_LOIS,data/stimuli/apr132026_visual_benefits/clear/FOUL_LOIS.mp4
data/stimuli/apr132026_visual_benefits/clear/SEIZURE_PATRICK.wav,SEIZURE_PATRICK,data/stimuli/apr132026_visual_benefits/clear/SEIZURE_PATRICK.mp4
data/stimuli/apr132026_visual_benefits/clear/POLISH_ZACH.wav,POLISH_ZACH,data/stimuli/apr132026_visual_benefits/clear/POLISH_ZACH.mp4
data/stimuli/apr132026_visual_benefits/clear/MIRAGE_JAMES.wav,MIRAGE_JAMES,data/stimuli/apr132026_visual_benefits/clear/MIRAGE_JAMES.mp4
data/stimuli/apr132026_visual_benefits/clear/MODULE_LIN.wav,MODULE_LIN,data/stimuli/apr132026_visual_benefits/clear/MODULE_LIN.mp4
data/stimuli/apr132026_visual_benefits/clear/POISE_LOIS.wav,POISE_LOIS,data/stimuli/apr132026_visual_benefits/clear/POISE_LOIS.mp4
data/stimuli/apr132026_visual_benefits/clear/WORMHOLE_LIN.wav,WORMHOLE_LIN,data/stimuli/apr132026_visual_benefits/clear/WORMHOLE_LIN.mp4
data/stimuli/apr132026_visual_benefits/clear/NOISY_JOHN.wav,NOISY_JOHN,data/stimuli/apr132026_visual_benefits/clear/NOISY_JOHN.mp4
data/stimuli/apr132026_visual_benefits/clear/GENRE_DANIELLE.wav,GENRE_DANIELLE,data/stimuli/apr132026_visual_benefits/clear/GENRE_DANIELLE.mp4
data/stimuli/apr132026_visual_benefits/clear/WEIGHT_JOHN.wav,WEIGHT_JOHN,data/stimuli/apr132026_visual_benefits/clear/WEIGHT_JOHN.mp4
data/stimuli/apr132026_visual_benefits/clear/BOOTH_DANIELLE.wav,BOOTH_DANIELLE,data/stimuli/apr132026_visual_benefits/clear/BOOTH_DANIELLE.mp4
data/stimuli/apr132026_visual_benefits/clear/WORE_DANIELLE.wav,WORE_DANIELLE,data/stimuli/apr132026_visual_benefits/clear/WORE_DANIELLE.mp4
data/stimuli/apr132026_visual_benefits/clear/PLEASURE_DERRICK.wav,PLEASURE_DERRICK,data/stimuli/apr132026_visual_benefits/clear/PLEASURE_DERRICK.mp4
data/stimuli/apr132026_visual_benefits/clear/ETHIC_JOHN.wav,ETHIC_JOHN,data/stimuli/apr132026_visual_benefits/clear/ETHIC_JOHN.mp4
data/stimuli/apr132026_visual_benefits/clear/HOUNDS_AMANDA.wav,HOUNDS_AMANDA,data/stimuli/apr132026_visual_benefits/clear/HOUNDS_AMANDA.mp4
data/stimuli/apr132026_visual_benefits/clear/LOATHE_DERRICK.wav,LOATHE_DERRICK,data/stimuli/apr132026_visual_benefits/clear/LOATHE_DERRICK.mp4
data/stimuli/apr132026_visual_benefits/clear/GARAGE_PATRICK.wav,GARAGE_PATRICK,data/stimuli/apr132026_visual_benefits/clear/GARAGE_PATRICK.mp4
data/stimuli/apr132026_visual_benefits/clear/JAB_AMANDA.wav,JAB_AMANDA,data/stimuli/apr132026_visual_benefits/clear/JAB_AMANDA.mp4
data/stimuli/apr132026_visual_benefits/clear/MODULE_PATRICK.wav,MODULE_PATRICK,data/stimuli/apr132026_visual_benefits/clear/MODULE_PATRICK.mp4
data/stimuli/apr132026_visual_benefits/clear/THOSE_LIN.wav,THOSE_LIN,data/stimuli/apr132026_visual_benefits/clear/THOSE_LIN.mp4
data/stimuli/apr132026_visual_benefits/clear/HITCH_AMANDA.wav,HITCH_AMANDA,data/stimuli/apr132026_visual_benefits/clear/HITCH_AMANDA.mp4
data/stimuli/apr132026_visual_benefits/clear/MIRAGE_LIN.wav,MIRAGE_LIN,data/stimuli/apr132026_visual_benefits/clear/MIRAGE_LIN.mp4
data/stimuli/apr132026_visual_benefits/clear/HOPPED_KRISTEN.wav,HOPPED_KRISTEN,data/stimuli/apr132026_visual_benefits/clear/HOPPED_KRISTEN.mp4
data/stimuli/apr132026_visual_benefits/clear/VOUCH_LIN.wav,VOUCH_LIN,data/stimuli/apr132026_visual_benefits/clear/VOUCH_LIN.mp4
data/stimuli/apr132026_visual_benefits/clear/SEIZURE_JOHN.wav,SEIZURE_JOHN,data/stimuli/apr132026_visual_benefits/clear/SEIZURE_JOHN.mp4
data/stimuli/apr132026_visual_benefits/clear/VERSION_JOHN.wav,VERSION_JOHN,data/stimuli/apr132026_visual_benefits/clear/VERSION_JOHN.mp4
data/stimuli/apr132026_visual_benefits/clear/SHAPE_HEIDI.wav,SHAPE_HEIDI,data/stimuli/apr132026_visual_benefits/clear/SHAPE_HEIDI.mp4
data/stimuli/apr132026_visual_benefits/clear/ALTHOUGH_JAMES.wav,ALTHOUGH_JAMES,data/stimuli/apr132026_visual_benefits/clear/ALTHOUGH_JAMES.mp4
data/stimuli/apr132026_visual_benefits/clear/MODULE_LOIS.wav,MODULE_LOIS,data/stimuli/apr132026_visual_benefits/clear/MODULE_LOIS.mp4
data/stimuli/apr132026_visual_benefits/clear/YELLOW_PATRICK.wav,YELLOW_PATRICK,data/stimuli/apr132026_visual_benefits/clear/YELLOW_PATRICK.mp4
data/stimuli/apr132026_visual_benefits/clear/THEREBY_KRISTEN.wav,THEREBY_KRISTEN,data/stimuli/apr132026_visual_benefits/clear/THEREBY_KRISTEN.mp4
data/stimuli/apr132026_visual_benefits/clear/USHER_CAMERON.wav,USHER_CAMERON,data/stimuli/apr132026_visual_benefits/clear/USHER_CAMERON.mp4
data/stimuli/apr132026_visual_benefits/clear/PYTHON_DERRICK.wav,PYTHON_DERRICK,data/stimuli/apr132026_visual_benefits/clear/PYTHON_DERRICK.mp4
data/stimuli/apr132026_visual_benefits/clear/KNOCK_JOHN.wav,KNOCK_JOHN,data/stimuli/apr132026_visual_benefits/clear/KNOCK_JOHN.mp4
data/stimuli/apr132026_visual_benefits/clear/CASH_JAMES.wav,CASH_JAMES,data/stimuli/apr132026_visual_benefits/clear/CASH_JAMES.mp4
data/stimuli/apr132026_visual_benefits/clear/PYTHON_LIN.wav,PYTHON_LIN,data/stimuli/apr132026_visual_benefits/clear/PYTHON_LIN.mp4
data/stimuli/apr132026_visual_benefits/clear/PAYOFF_LIN.wav,PAYOFF_LIN,data/stimuli/apr132026_visual_benefits/clear/PAYOFF_LIN.mp4
data/stimuli/apr132026_visual_benefits/clear/HOOVES_AMANDA.wav,HOOVES_AMANDA,data/stimuli/apr132026_visual_benefits/clear/HOOVES_AMANDA.mp4
data/stimuli/apr132026_visual_benefits/clear/AFOOT_AMANDA.wav,AFOOT_AMANDA,data/stimuli/apr132026_visual_benefits/clear/AFOOT_AMANDA.mp4
data/stimuli/apr132026_visual_benefits/clear/GAUGE_HEIDI.wav,GAUGE_HEIDI,data/stimuli/apr132026_visual_benefits/clear/GAUGE_HEIDI.mp4
data/stimuli/apr132026_visual_benefits/clear/WEIGHT_AMANDA.wav,WEIGHT_AMANDA,data/stimuli/apr132026_visual_benefits/clear/WEIGHT_AMANDA.mp4
data/stimuli/apr132026_visual_benefits/clear/SUGAR_KRISTEN.wav,SUGAR_KRISTEN,data/stimuli/apr132026_visual_benefits/clear/SUGAR_KRISTEN.mp4
data/stimuli/apr132026_visual_benefits/clear/MATURE_LIN.wav,MATURE_LIN,data/stimuli/apr132026_visual_benefits/clear/MATURE_LIN.mp4
data/stimuli/apr132026_visual_benefits/clear/CHOICE_ZACH.wav,CHOICE_ZACH,data/stimuli/apr132026_visual_benefits/clear/CHOICE_ZACH.mp4
data/stimuli/apr132026_visual_benefits/clear/SHADE_DERRICK.wav,SHADE_DERRICK,data/stimuli/apr132026_visual_benefits/clear/SHADE_DERRICK.mp4
data/stimuli/apr132026_visual_benefits/clear/JURY_DANIELLE.wav,JURY_DANIELLE,data/stimuli/apr132026_visual_benefits/clear/JURY_DANIELLE.mp4
data/stimuli/apr132026_visual_benefits/clear/EYEBROW_KRISTEN.wav,EYEBROW_KRISTEN,data/stimuli/apr132026_visual_benefits/clear/EYEBROW_KRISTEN.mp4
data/stimuli/apr132026_visual_benefits/clear/QUIET_LOIS.wav,QUIET_LOIS,data/stimuli/apr132026_visual_benefits/clear/QUIET_LOIS.mp4
data/stimuli/apr132026_visual_benefits/clear/SHADE_JOHN.wav,SHADE_JOHN,data/stimuli/apr132026_visual_benefits/clear/SHADE_JOHN.mp4
data/stimuli/apr132026_visual_benefits/clear/ALONG_LIN.wav,ALONG_LIN,data/stimuli/apr132026_visual_benefits/clear/ALONG_LIN.mp4
data/stimuli/apr132026_visual_benefits/clear/CHAT_PATRICK.wav,CHAT_PATRICK,data/stimuli/apr132026_visual_benefits/clear/CHAT_PATRICK.mp4
data/stimuli/apr132026_visual_benefits/clear/GAUZE_JOHN.wav,GAUZE_JOHN,data/stimuli/apr132026_visual_benefits/clear/GAUZE_JOHN.mp4
data/stimuli/apr132026_visual_benefits/clear/EYEBROW_JAMES.wav,EYEBROW_JAMES,data/stimuli/apr132026_visual_benefits/clear/EYEBROW_JAMES.mp4
data/stimuli/apr132026_visual_benefits/clear/WITH_LIN.wav,WITH_LIN,data/stimuli/apr132026_visual_benefits/clear/WITH_LIN.mp4
data/stimuli/apr132026_visual_benefits/clear/GAUGE_JOHN.wav,GAUGE_JOHN,data/stimuli/apr132026_visual_benefits/clear/GAUGE_JOHN.mp4
data/stimuli/apr132026_visual_benefits/clear/FUSION_JOHN.wav,FUSION_JOHN,data/stimuli/apr132026_visual_benefits/clear/FUSION_JOHN.mp4
data/stimuli/apr132026_visual_benefits/clear/SHROUD_PATRICK.wav,SHROUD_PATRICK,data/stimuli/apr132026_visual_benefits/clear/SHROUD_PATRICK.mp4
data/stimuli/apr132026_visual_benefits/clear/MONKEY_JOHN.wav,MONKEY_JOHN,data/stimuli/apr132026_visual_benefits/clear/MONKEY_JOHN.mp4
data/stimuli/apr132026_visual_benefits/clear/INVOICE_DANIELLE.wav,INVOICE_DANIELLE,data/stimuli/apr132026_visual_benefits/clear/INVOICE_DANIELLE.mp4
data/stimuli/apr132026_visual_benefits/clear/HOUNDS_JOHN.wav,HOUNDS_JOHN,data/stimuli/apr132026_visual_benefits/clear/HOUNDS_JOHN.mp4
data/stimuli/apr132026_visual_benefits/clear/PUSH_JOHN.wav,PUSH_JOHN,data/stimuli/apr132026_visual_benefits/clear/PUSH_JOHN.mp4
data/stimuli/apr132026_visual_benefits/clear/SUEDE_PATRICK.wav,SUEDE_PATRICK,data/stimuli/apr132026_visual_benefits/clear/SUEDE_PATRICK.mp4
data/stimuli/apr132026_visual_benefits/clear/HOIST_KRISTEN.wav,HOIST_KRISTEN,data/stimuli/apr132026_visual_benefits/clear/HOIST_KRISTEN.mp4
data/stimuli/apr132026_visual_benefits/clear/JURY_LIN.wav,JURY_LIN,data/stimuli/apr132026_visual_benefits/clear/JURY_LIN.mp4
data/stimuli/apr132026_visual_benefits/clear/CASH_LIN.wav,CASH_LIN,data/stimuli/apr132026_visual_benefits/clear/CASH_LIN.mp4
data/stimuli/apr132026_visual_benefits/clear/EYEBROW_LIN.wav,EYEBROW_LIN,data/stimuli/apr132026_visual_benefits/clear/EYEBROW_LIN.mp4
data/stimuli/apr132026_visual_benefits/clear/USHER_JOHN.wav,USHER_JOHN,data/stimuli/apr132026_visual_benefits/clear/USHER_JOHN.mp4
data/stimuli/apr132026_visual_benefits/clear/FRYING_JAMES.wav,FRYING_JAMES,data/stimuli/apr132026_visual_benefits/clear/FRYING_JAMES.mp4
data/stimuli/apr132026_visual_benefits/clear/TEACH_LIN.wav,TEACH_LIN,data/stimuli/apr132026_visual_benefits/clear/TEACH_LIN.mp4
data/stimuli/apr132026_visual_benefits/clear/FETCH_ZACH.wav,FETCH_ZACH,data/stimuli/apr132026_visual_benefits/clear/FETCH_ZACH.mp4
data/stimuli/apr132026_visual_benefits/clear/MATURE_AMANDA.wav,MATURE_AMANDA,data/stimuli/apr132026_visual_benefits/clear/MATURE_AMANDA.mp4
data/stimuli/apr132026_visual_benefits/clear/OYSTER_JOHN.wav,OYSTER_JOHN,data/stimuli/apr132026_visual_benefits/clear/OYSTER_JOHN.mp4
data/stimuli/apr132026_visual_benefits/clear/YOGA_CAMERON.wav,YOGA_CAMERON,data/stimuli/apr132026_visual_benefits/clear/YOGA_CAMERON.mp4
data/stimuli/apr132026_visual_benefits/clear/FUSION_PATRICK.wav,FUSION_PATRICK,data/stimuli/apr132026_visual_benefits/clear/FUSION_PATRICK.mp4
data/stimuli/apr132026_visual_benefits/clear/HEAVY_AMANDA.wav,HEAVY_AMANDA,data/stimuli/apr132026_visual_benefits/clear/HEAVY_AMANDA.mp4
data/stimuli/apr132026_visual_benefits/clear/HONK_PATRICK.wav,HONK_PATRICK,data/stimuli/apr132026_visual_benefits/clear/HONK_PATRICK.mp4
data/stimuli/apr132026_visual_benefits/clear/BUTCHER_ZACH.wav,BUTCHER_ZACH,data/stimuli/apr132026_visual_benefits/clear/BUTCHER_ZACH.mp4
data/stimuli/apr132026_visual_benefits/clear/CHAT_HEIDI.wav,CHAT_HEIDI,data/stimuli/apr132026_visual_benefits/clear/CHAT_HEIDI.mp4
data/stimuli/apr132026_visual_benefits/clear/GARAGE_AMANDA.wav,GARAGE_AMANDA,data/stimuli/apr132026_visual_benefits/clear/GARAGE_AMANDA.mp4
data/stimuli/apr132026_visual_benefits/clear/VOGUE_CAMERON.wav,VOGUE_CAMERON,data/stimuli/apr132026_visual_benefits/clear/VOGUE_CAMERON.mp4
data/stimuli/apr132026_visual_benefits/clear/WORMHOLE_DERRICK.wav,WORMHOLE_DERRICK,data/stimuli/apr132026_visual_benefits/clear/WORMHOLE_DERRICK.mp4
data/stimuli/apr132026_visual_benefits/clear/ARGUE_CAMERON.wav,ARGUE_CAMERON,data/stimuli/apr132026_visual_benefits/clear/ARGUE_CAMERON.mp4
data/stimuli/apr132026_visual_benefits/clear/CHIEF_LOIS.wav,CHIEF_LOIS,data/stimuli/apr132026_visual_benefits/clear/CHIEF_LOIS.mp4
data/stimuli/apr132026_visual_benefits/clear/SUEDE_LIN.wav,SUEDE_LIN,data/stimuli/apr132026_visual_benefits/clear/SUEDE_LIN.mp4
data/stimuli/apr132026_visual_benefits/clear/COWBOY_PATRICK.wav,COWBOY_PATRICK,data/stimuli/apr132026_visual_benefits/clear/COWBOY_PATRICK.mp4
data/stimuli/apr132026_visual_benefits/clear/GOOD_KRISTEN.wav,GOOD_KRISTEN,data/stimuli/apr132026_visual_benefits/clear/GOOD_KRISTEN.mp4
data/stimuli/apr132026_visual_benefits/clear/FOUL_PATRICK.wav,FOUL_PATRICK,data/stimuli/apr132026_visual_benefits/clear/FOUL_PATRICK.mp4
data/stimuli/apr132026_visual_benefits/clear/DEBUT_LIN.wav,DEBUT_LIN,data/stimuli/apr132026_visual_benefits/clear/DEBUT_LIN.mp4
data/stimuli/apr132026_visual_benefits/clear/SHAPE_JAMES.wav,SHAPE_JAMES,data/stimuli/apr132026_visual_benefits/clear/SHAPE_JAMES.mp4
data/stimuli/apr132026_visual_benefits/clear/JAB_DERRICK.wav,JAB_DERRICK,data/stimuli/apr132026_visual_benefits/clear/JAB_DERRICK.mp4
data/stimuli/apr132026_visual_benefits/clear/CHOICE_JOHN.wav,CHOICE_JOHN,data/stimuli/apr132026_visual_benefits/clear/CHOICE_JOHN.mp4
data/stimuli/apr132026_visual_benefits/clear/JIGSAW_PATRICK.wav,JIGSAW_PATRICK,data/stimuli/apr132026_visual_benefits/clear/JIGSAW_PATRICK.mp4
data/stimuli/apr132026_visual_benefits/clear/BOOTH_PATRICK.wav,BOOTH_PATRICK,data/stimuli/apr132026_visual_benefits/clear/BOOTH_PATRICK.mp4
data/stimuli/apr132026_visual_benefits/clear/DEPTH_JOHN.wav,DEPTH_JOHN,data/stimuli/apr132026_visual_benefits/clear/DEPTH_JOHN.mp4
data/stimuli/apr132026_visual_benefits/clear/THANK_CAMERON.wav,THANK_CAMERON,data/stimuli/apr132026_visual_benefits/clear/THANK_CAMERON.mp4
data/stimuli/apr132026_visual_benefits/clear/CRAB_JOHN.wav,CRAB_JOHN,data/stimuli/apr132026_visual_benefits/clear/CRAB_JOHN.mp4
data/stimuli/apr132026_visual_benefits/clear/CASHMERE_HEIDI.wav,CASHMERE_HEIDI,data/stimuli/apr132026_visual_benefits/clear/CASHMERE_HEIDI.mp4
data/stimuli/apr132026_visual_benefits/clear/GOOD_LIN.wav,GOOD_LIN,data/stimuli/apr132026_visual_benefits/clear/GOOD_LIN.mp4
data/stimuli/apr132026_visual_benefits/clear/CASHMERE_PATRICK.wav,CASHMERE_PATRICK,data/stimuli/apr132026_visual_benefits/clear/CASHMERE_PATRICK.mp4
data/stimuli/apr132026_visual_benefits/clear/HOPPED_LIN.wav,HOPPED_LIN,data/stimuli/apr132026_visual_benefits/clear/HOPPED_LIN.mp4
data/stimuli/apr132026_visual_benefits/clear/ALONG_CAMERON.wav,ALONG_CAMERON,data/stimuli/apr132026_visual_benefits/clear/ALONG_CAMERON.mp4
data/stimuli/apr132026_visual_benefits/clear/CHAT_JOHN.wav,CHAT_JOHN,data/stimuli/apr132026_visual_benefits/clear/CHAT_JOHN.mp4
data/stimuli/apr132026_visual_benefits/clear/FIVE_DERRICK.wav,FIVE_DERRICK,data/stimuli/apr132026_visual_benefits/clear/FIVE_DERRICK.mp4
data/stimuli/apr132026_visual_benefits/clear/PATHWAY_LIN.wav,PATHWAY_LIN,data/stimuli/apr132026_visual_benefits/clear/PATHWAY_LIN.mp4
data/stimuli/apr132026_visual_benefits/clear/INVOICE_LIN.wav,INVOICE_LIN,data/stimuli/apr132026_visual_benefits/clear/INVOICE_LIN.mp4
data/stimuli/apr132026_visual_benefits/clear/YOUTH_LIN.wav,YOUTH_LIN,data/stimuli/apr132026_visual_benefits/clear/YOUTH_LIN.mp4
data/stimuli/apr132026_visual_benefits/clear/HASH_LOIS.wav,HASH_LOIS,data/stimuli/apr132026_visual_benefits/clear/HASH_LOIS.mp4
data/stimuli/apr132026_visual_benefits/clear/SUGAR_LIN.wav,SUGAR_LIN,data/stimuli/apr132026_visual_benefits/clear/SUGAR_LIN.mp4
data/stimuli/apr132026_visual_benefits/clear/MOUTHS_KRISTEN.wav,MOUTHS_KRISTEN,data/stimuli/apr132026_visual_benefits/clear/MOUTHS_KRISTEN.mp4
data/stimuli/apr132026_visual_benefits/clear/CRAB_CAMERON.wav,CRAB_CAMERON,data/stimuli/apr132026_visual_benefits/clear/CRAB_CAMERON.mp4
data/stimuli/apr132026_visual_benefits/clear/HITCH_JAMES.wav,HITCH_JAMES,data/stimuli/apr132026_visual_benefits/clear/HITCH_JAMES.mp4
data/stimuli/apr132026_visual_benefits/clear/HYGIENE_LOIS.wav,HYGIENE_LOIS,data/stimuli/apr132026_visual_benefits/clear/HYGIENE_LOIS.mp4
data/stimuli/apr132026_visual_benefits/clear/THEREBY_LIN.wav,THEREBY_LIN,data/stimuli/apr132026_visual_benefits/clear/THEREBY_LIN.mp4
data/stimuli/apr132026_visual_benefits/clear/SOOTHING_JAMES.wav,SOOTHING_JAMES,data/stimuli/apr132026_visual_benefits/clear/SOOTHING_JAMES.mp4
data/stimuli/apr132026_visual_benefits/clear/WORTHY_KRISTEN.wav,WORTHY_KRISTEN,data/stimuli/apr132026_visual_benefits/clear/WORTHY_KRISTEN.mp4
data/stimuli/apr132026_visual_benefits/clear/VACUUM_PATRICK.wav,VACUUM_PATRICK,data/stimuli/apr132026_visual_benefits/clear/VACUUM_PATRICK.mp4
data/stimuli/apr132026_visual_benefits/clear/WORMHOLE_LOIS.wav,WORMHOLE_LOIS,data/stimuli/apr132026_visual_benefits/clear/WORMHOLE_LOIS.mp4
data/stimuli/apr132026_visual_benefits/clear/DEPTH_HEIDI.wav,DEPTH_HEIDI,data/stimuli/apr132026_visual_benefits/clear/DEPTH_HEIDI.mp4
data/stimuli/apr132026_visual_benefits/clear/JUMBO_AMANDA.wav,JUMBO_AMANDA,data/stimuli/apr132026_visual_benefits/clear/JUMBO_AMANDA.mp4
data/stimuli/apr132026_visual_benefits/clear/YOGA_KRISTEN.wav,YOGA_KRISTEN,data/stimuli/apr132026_visual_benefits/clear/YOGA_KRISTEN.mp4
data/stimuli/apr132026_visual_benefits/clear/ROUGE_LOIS.wav,ROUGE_LOIS,data/stimuli/apr132026_visual_benefits/clear/ROUGE_LOIS.mp4
data/stimuli/apr132026_visual_benefits/clear/THANK_LIN.wav,THANK_LIN,data/stimuli/apr132026_visual_benefits/clear/THANK_LIN.mp4
data/stimuli/apr132026_visual_benefits/clear/ECHOES_JAMES.wav,ECHOES_JAMES,data/stimuli/apr132026_visual_benefits/clear/ECHOES_JAMES.mp4
data/stimuli/apr132026_visual_benefits/clear/ECHOES_JOHN.wav,ECHOES_JOHN,data/stimuli/apr132026_visual_benefits/clear/ECHOES_JOHN.mp4
data/stimuli/apr132026_visual_benefits/clear/GARAGE_LIN.wav,GARAGE_LIN,data/stimuli/apr132026_visual_benefits/clear/GARAGE_LIN.mp4
data/stimuli/apr132026_visual_benefits/clear/CASHMERE_LIN.wav,CASHMERE_LIN,data/stimuli/apr132026_visual_benefits/clear/CASHMERE_LIN.mp4
data/stimuli/apr132026_visual_benefits/clear/ARGUE_KRISTEN.wav,ARGUE_KRISTEN,data/stimuli/apr132026_visual_benefits/clear/ARGUE_KRISTEN.mp4
data/stimuli/apr132026_visual_benefits/clear/BOOTH_LIN.wav,BOOTH_LIN,data/stimuli/apr132026_visual_benefits/clear/BOOTH_LIN.mp4
data/stimuli/apr132026_visual_benefits/clear/AFOOT_LIN.wav,AFOOT_LIN,data/stimuli/apr132026_visual_benefits/clear/AFOOT_LIN.mp4
data/stimuli/apr132026_visual_benefits/clear/HIDE_DANIELLE.wav,HIDE_DANIELLE,data/stimuli/apr132026_visual_benefits/clear/HIDE_DANIELLE.mp4
data/stimuli/apr132026_visual_benefits/clear/SHOWER_DERRICK.wav,SHOWER_DERRICK,data/stimuli/apr132026_visual_benefits/clear/SHOWER_DERRICK.mp4
data/stimuli/apr132026_visual_benefits/clear/INVOICE_PATRICK.wav,INVOICE_PATRICK,data/stimuli/apr132026_visual_benefits/clear/INVOICE_PATRICK.mp4
data/stimuli/apr132026_visual_benefits/clear/BUREAU_LIN.wav,BUREAU_LIN,data/stimuli/apr132026_visual_benefits/clear/BUREAU_LIN.mp4
data/stimuli/apr132026_visual_benefits/clear/THOSE_DERRICK.wav,THOSE_DERRICK,data/stimuli/apr132026_visual_benefits/clear/THOSE_DERRICK.mp4
data/stimuli/apr132026_visual_benefits/clear/BUYING_AMANDA.wav,BUYING_AMANDA,data/stimuli/apr132026_visual_benefits/clear/BUYING_AMANDA.mp4
data/stimuli/apr132026_visual_benefits/clear/SUEDE_DANIELLE.wav,SUEDE_DANIELLE,data/stimuli/apr132026_visual_benefits/clear/SUEDE_DANIELLE.mp4
data/stimuli/apr132026_visual_benefits/clear/MOUTHS_LIN.wav,MOUTHS_LIN,data/stimuli/apr132026_visual_benefits/clear/MOUTHS_LIN.mp4
data/stimuli/apr132026_visual_benefits/clear/SUGAR_AMANDA.wav,SUGAR_AMANDA,data/stimuli/apr132026_visual_benefits/clear/SUGAR_AMANDA.mp4
data/stimuli/apr132026_visual_benefits/clear/JOINING_ZACH.wav,JOINING_ZACH,data/stimuli/apr132026_visual_benefits/clear/JOINING_ZACH.mp4
data/stimuli/apr132026_visual_benefits/clear/AMNESIA_JOHN.wav,AMNESIA_JOHN,data/stimuli/apr132026_visual_benefits/clear/AMNESIA_JOHN.mp4
data/stimuli/apr132026_visual_benefits/clear/HITCH_JOHN.wav,HITCH_JOHN,data/stimuli/apr132026_visual_benefits/clear/HITCH_JOHN.mp4
data/stimuli/apr132026_visual_benefits/clear/MATURE_CAMERON.wav,MATURE_CAMERON,data/stimuli/apr132026_visual_benefits/clear/MATURE_CAMERON.mp4
data/stimuli/apr132026_visual_benefits/clear/BATHE_LIN.wav,BATHE_LIN,data/stimuli/apr132026_visual_benefits/clear/BATHE_LIN.mp4
data/stimuli/apr132026_visual_benefits/clear/CHIEF_JAMES.wav,CHIEF_JAMES,data/stimuli/apr132026_visual_benefits/clear/CHIEF_JAMES.mp4
data/stimuli/apr132026_visual_benefits/clear/MOTH_LIN.wav,MOTH_LIN,data/stimuli/apr132026_visual_benefits/clear/MOTH_LIN.mp4
data/stimuli/apr132026_visual_benefits/clear/VOICE_JAMES.wav,VOICE_JAMES,data/stimuli/apr132026_visual_benefits/clear/VOICE_JAMES.mp4
data/stimuli/apr132026_visual_benefits/clear/WORTHY_JOHN.wav,WORTHY_JOHN,data/stimuli/apr132026_visual_benefits/clear/WORTHY_JOHN.mp4
data/stimuli/apr132026_visual_benefits/clear/JIGSAW_AMANDA.wav,JIGSAW_AMANDA,data/stimuli/apr132026_visual_benefits/clear/JIGSAW_AMANDA.mp4
data/stimuli/apr132026_visual_benefits/clear/VOICE_DANIELLE.wav,VOICE_DANIELLE,data/stimuli/apr132026_visual_benefits/clear/VOICE_DANIELLE.mp4
data/stimuli/apr132026_visual_benefits/clear/SUGAR_ZACH.wav,SUGAR_ZACH,data/stimuli/apr132026_visual_benefits/clear/SUGAR_ZACH.mp4
data/stimuli/apr132026_visual_benefits/clear/GAUZE_LOIS.wav,GAUZE_LOIS,data/stimuli/apr132026_visual_benefits/clear/GAUZE_LOIS.mp4
data/stimuli/apr132026_visual_benefits/clear/FOUL_LIN.wav,FOUL_LIN,data/stimuli/apr132026_visual_benefits/clear/FOUL_LIN.mp4
data/stimuli/apr132026_visual_benefits/clear/VOUCH_ZACH.wav,VOUCH_ZACH,data/stimuli/apr132026_visual_benefits/clear/VOUCH_ZACH.mp4
data/stimuli/apr132026_visual_benefits/clear/HIDE_JOHN.wav,HIDE_JOHN,data/stimuli/apr132026_visual_benefits/clear/HIDE_JOHN.mp4
data/stimuli/apr132026_visual_benefits/clear/YANK_LIN.wav,YANK_LIN,data/stimuli/apr132026_visual_benefits/clear/YANK_LIN.mp4
data/stimuli/apr132026_visual_benefits/clear/QUIET_JOHN.wav,QUIET_JOHN,data/stimuli/apr132026_visual_benefits/clear/QUIET_JOHN.mp4
data/stimuli/apr132026_visual_benefits/clear/GOOD_DERRICK.wav,GOOD_DERRICK,data/stimuli/apr132026_visual_benefits/clear/GOOD_DERRICK.mp4
data/stimuli/apr132026_visual_benefits/clear/WORTHY_JAMES.wav,WORTHY_JAMES,data/stimuli/apr132026_visual_benefits/clear/WORTHY_JAMES.mp4
data/stimuli/apr132026_visual_benefits/clear/CHILD_AMANDA.wav,CHILD_AMANDA,data/stimuli/apr132026_visual_benefits/clear/CHILD_AMANDA.mp4
data/stimuli/apr132026_visual_benefits/clear/FEATHERS_JOHN.wav,FEATHERS_JOHN,data/stimuli/apr132026_visual_benefits/clear/FEATHERS_JOHN.mp4
data/stimuli/apr132026_visual_benefits/clear/YACHT_DANIELLE.wav,YACHT_DANIELLE,data/stimuli/apr132026_visual_benefits/clear/YACHT_DANIELLE.mp4
data/stimuli/apr132026_visual_benefits/clear/ZONING_ZACH.wav,ZONING_ZACH,data/stimuli/apr132026_visual_benefits/clear/ZONING_ZACH.mp4
data/stimuli/apr132026_visual_benefits/clear/BUTCHER_LIN.wav,BUTCHER_LIN,data/stimuli/apr132026_visual_benefits/clear/BUTCHER_LIN.mp4
data/stimuli/apr132026_visual_benefits/clear/POLISH_LIN.wav,POLISH_LIN,data/stimuli/apr132026_visual_benefits/clear/POLISH_LIN.mp4
data/stimuli/apr132026_visual_benefits/clear/ZONING_LIN.wav,ZONING_LIN,data/stimuli/apr132026_visual_benefits/clear/ZONING_LIN.mp4
data/stimuli/apr132026_visual_benefits/clear/ALTHOUGH_LIN.wav,ALTHOUGH_LIN,data/stimuli/apr132026_visual_benefits/clear/ALTHOUGH_LIN.mp4
data/stimuli/apr132026_visual_benefits/clear/WITH_DANIELLE.wav,WITH_DANIELLE,data/stimuli/apr132026_visual_benefits/clear/WITH_DANIELLE.mp4
data/stimuli/apr132026_visual_benefits/clear/JUMBO_ZACH.wav,JUMBO_ZACH,data/stimuli/apr132026_visual_benefits/clear/JUMBO_ZACH.mp4
data/stimuli/apr132026_visual_benefits/clear/POISE_PATRICK.wav,POISE_PATRICK,data/stimuli/apr132026_visual_benefits/clear/POISE_PATRICK.mp4
data/stimuli/apr132026_visual_benefits/clear/NOISY_JAMES.wav,NOISY_JAMES,data/stimuli/apr132026_visual_benefits/clear/NOISY_JAMES.mp4
data/stimuli/apr132026_visual_benefits/clear/VACUUM_HEIDI.wav,VACUUM_HEIDI,data/stimuli/apr132026_visual_benefits/clear/VACUUM_HEIDI.mp4
data/stimuli/apr132026_visual_benefits/clear/JET_HEIDI.wav,JET_HEIDI,data/stimuli/apr132026_visual_benefits/clear/JET_HEIDI.mp4
data/stimuli/apr132026_visual_benefits/clear/POISE_JOHN.wav,POISE_JOHN,data/stimuli/apr132026_visual_benefits/clear/POISE_JOHN.mp4
data/stimuli/apr132026_visual_benefits/clear/BUREAU_AMANDA.wav,BUREAU_AMANDA,data/stimuli/apr132026_visual_benefits/clear/BUREAU_AMANDA.mp4
data/stimuli/apr132026_visual_benefits/clear/HOPPED_JAMES.wav,HOPPED_JAMES,data/stimuli/apr132026_visual_benefits/clear/HOPPED_JAMES.mp4
data/stimuli/apr132026_visual_benefits/clear/FIVE_DANIELLE.wav,FIVE_DANIELLE,data/stimuli/apr132026_visual_benefits/clear/FIVE_DANIELLE.mp4
data/stimuli/apr132026_visual_benefits/clear/ALTHOUGH_AMANDA.wav,ALTHOUGH_AMANDA,data/stimuli/apr132026_visual_benefits/clear/ALTHOUGH_AMANDA.mp4
data/stimuli/apr132026_visual_benefits/clear/SHROUD_KRISTEN.wav,SHROUD_KRISTEN,data/stimuli/apr132026_visual_benefits/clear/SHROUD_KRISTEN.mp4
data/stimuli/apr132026_visual_benefits/clear/CHILD_LIN.wav,CHILD_LIN,data/stimuli/apr132026_visual_benefits/clear/CHILD_LIN.mp4
data/stimuli/apr132026_visual_benefits/clear/THEME_LOIS.wav,THEME_LOIS,data/stimuli/apr132026_visual_benefits/clear/THEME_LOIS.mp4
data/stimuli/apr132026_visual_benefits/clear/WORE_LIN.wav,WORE_LIN,data/stimuli/apr132026_visual_benefits/clear/WORE_LIN.mp4
data/stimuli/apr132026_visual_benefits/clear/FEATHERS_HEIDI.wav,FEATHERS_HEIDI,data/stimuli/apr132026_visual_benefits/clear/FEATHERS_HEIDI.mp4
data/stimuli/apr132026_visual_benefits/clear/TAFFY_PATRICK.wav,TAFFY_PATRICK,data/stimuli/apr132026_visual_benefits/clear/TAFFY_PATRICK.mp4
data/stimuli/apr132026_visual_benefits/clear/WIVES_HEIDI.wav,WIVES_HEIDI,data/stimuli/apr132026_visual_benefits/clear/WIVES_HEIDI.mp4
data/stimuli/apr132026_visual_benefits/clear/YACHT_JAMES.wav,YACHT_JAMES,data/stimuli/apr132026_visual_benefits/clear/YACHT_JAMES.mp4
data/stimuli/apr132026_visual_benefits/clear/HEAVY_JAMES.wav,HEAVY_JAMES,data/stimuli/apr132026_visual_benefits/clear/HEAVY_JAMES.mp4
data/stimuli/apr132026_visual_benefits/clear/FETCH_AMANDA.wav,FETCH_AMANDA,data/stimuli/apr132026_visual_benefits/clear/FETCH_AMANDA.mp4
data/stimuli/apr132026_visual_benefits/clear/HIDE_DERRICK.wav,HIDE_DERRICK,data/stimuli/apr132026_visual_benefits/clear/HIDE_DERRICK.mp4
data/stimuli/apr132026_visual_benefits/clear/SPOUT_LIN.wav,SPOUT_LIN,data/stimuli/apr132026_visual_benefits/clear/SPOUT_LIN.mp4
data/stimuli/apr132026_visual_benefits/clear/GAUZE_DERRICK.wav,GAUZE_DERRICK,data/stimuli/apr132026_visual_benefits/clear/GAUZE_DERRICK.mp4
data/stimuli/apr132026_visual_benefits/clear/SHADE_AMANDA.wav,SHADE_AMANDA,data/stimuli/apr132026_visual_benefits/clear/SHADE_AMANDA.mp4
data/stimuli/apr132026_visual_benefits/clear/BATHE_LOIS.wav,BATHE_LOIS,data/stimuli/apr132026_visual_benefits/clear/BATHE_LOIS.mp4
data/stimuli/apr132026_visual_benefits/clear/WATCHDOG_JOHN.wav,WATCHDOG_JOHN,data/stimuli/apr132026_visual_benefits/clear/WATCHDOG_JOHN.mp4
data/stimuli/apr132026_visual_benefits/clear/VOGUE_HEIDI.wav,VOGUE_HEIDI,data/stimuli/apr132026_visual_benefits/clear/VOGUE_HEIDI.mp4
data/stimuli/apr132026_visual_benefits/clear/JAB_JOHN.wav,JAB_JOHN,data/stimuli/apr132026_visual_benefits/clear/JAB_JOHN.mp4
data/stimuli/apr132026_visual_benefits/clear/YOGA_LIN.wav,YOGA_LIN,data/stimuli/apr132026_visual_benefits/clear/YOGA_LIN.mp4
data/stimuli/apr132026_visual_benefits/clear/OPTION_HEIDI.wav,OPTION_HEIDI,data/stimuli/apr132026_visual_benefits/clear/OPTION_HEIDI.mp4
data/stimuli/apr132026_visual_benefits/clear/MIRAGE_DANIELLE.wav,MIRAGE_DANIELLE,data/stimuli/apr132026_visual_benefits/clear/MIRAGE_DANIELLE.mp4
data/stimuli/apr132026_visual_benefits/clear/THOUGHTS_CAMERON.wav,THOUGHTS_CAMERON,data/stimuli/apr132026_visual_benefits/clear/THOUGHTS_CAMERON.mp4
data/stimuli/apr132026_visual_benefits/clear/MOUTHS_DERRICK.wav,MOUTHS_DERRICK,data/stimuli/apr132026_visual_benefits/clear/MOUTHS_DERRICK.mp4
data/stimuli/apr132026_visual_benefits/clear/SHAPE_LIN.wav,SHAPE_LIN,data/stimuli/apr132026_visual_benefits/clear/SHAPE_LIN.mp4
data/stimuli/apr132026_visual_benefits/clear/PATHWAY_AMANDA.wav,PATHWAY_AMANDA,data/stimuli/apr132026_visual_benefits/clear/PATHWAY_AMANDA.mp4
data/stimuli/apr132026_visual_benefits/clear/HOOVES_DERRICK.wav,HOOVES_DERRICK,data/stimuli/apr132026_visual_benefits/clear/HOOVES_DERRICK.mp4
data/stimuli/apr132026_visual_benefits/clear/SOOTHING_AMANDA.wav,SOOTHING_AMANDA,data/stimuli/apr132026_visual_benefits/clear/SOOTHING_AMANDA.mp4
data/stimuli/apr132026_visual_benefits/clear/SPOUT_DANIELLE.wav,SPOUT_DANIELLE,data/stimuli/apr132026_visual_benefits/clear/SPOUT_DANIELLE.mp4
